num_doc,nombre,email,tipo_doc,rol
1,Donovan,dgambles0@fda.gov,Birth Certificate,empleado
2,Silas,shugh1@nasa.gov,Passport,recepcionista
3,Jeramie,jsprules2@purevolume.com,Birth Certificate,empleado
4,Upton,ulyall3@dagondesign.com,Driver's License,admin_datos
5,Tedda,tcantero4@reference.com,Passport,recepcionista
6,Darcey,douslem5@fc2.com,Birth Certificate,empleado
7,Selby,sgarza6@mozilla.org,Birth Certificate,gerente
8,Nealon,ncowperthwaite7@stanford.edu,ID Card,gerente
9,Fedora,fjayne8@g.co,Social Security Card,gerente
10,Wesley,wslinn9@istockphoto.com,Birth Certificate,gerente
11,Aurelia,ajacopa@pen.io,Social Security Card,gerente
12,Amalee,agiacomazzob@edublogs.org,Birth Certificate,recepcionista
13,Glenine,gtrudgianc@independent.co.uk,Driver's License,admin_datos
14,Burlie,bmcalindend@google.it,Social Security Card,empleado
15,Morgana,mclinese@plala.or.jp,Birth Certificate,gerente
16,Lowe,lmelmothf@opera.com,Driver's License,admin_datos
17,Ophelia,oabramowg@indiatimes.com,Driver's License,gerente
18,Patton,pleborgneh@dell.com,Social Security Card,admin_datos
19,Dulcinea,dlayzelli@rakuten.co.jp,Birth Certificate,recepcionista
20,Hazlett,hjelksj@ocn.ne.jp,Driver's License,recepcionista
21,Les,lwartonk@abc.net.au,Social Security Card,admin_datos
22,Abrahan,amcartanl@shutterfly.com,Driver's License,empleado
23,Claribel,csaintsburym@forbes.com,Social Security Card,recepcionista
24,Kata,kleggattn@vistaprint.com,Birth Certificate,admin_datos
25,Josefa,jhaffordo@hibu.com,ID Card,empleado
26,Yule,yiuoriop@usnews.com,ID Card,gerente
27,Gretal,gbendsonq@noaa.gov,Social Security Card,empleado
28,Zacharia,zthorntonr@tumblr.com,Passport,empleado
29,Gizela,ggounels@samsung.com,ID Card,empleado
30,Itch,ijakelt@columbia.edu,Social Security Card,gerente
31,Audre,azecchinelliu@discuz.net,Birth Certificate,admin_datos
32,Audry,acloneyv@bandcamp.com,Driver's License,admin_datos
33,Kristien,kbaynsw@yellowbook.com,Social Security Card,empleado
34,Shawn,sfranzenx@shop-pro.jp,Driver's License,empleado
35,Bunny,blaitey@eventbrite.com,Social Security Card,gerente
36,Arabele,ajeynesz@bandcamp.com,Passport,gerente
37,Haskell,hkitlee10@wsj.com,ID Card,recepcionista
38,Beitris,bcearley11@about.me,Driver's License,empleado
39,Robinson,rginner12@berkeley.edu,Birth Certificate,gerente
40,Harry,hhallut13@java.com,Social Security Card,recepcionista
41,Biddie,bhawney14@psu.edu,Birth Certificate,empleado
42,Enrica,emcelane15@si.edu,Driver's License,admin_datos
43,Bonny,bmeadmore16@youtu.be,Social Security Card,empleado
44,Octavia,ostanmore17@wikipedia.org,Birth Certificate,recepcionista
45,Kirby,kpareman18@shop-pro.jp,ID Card,empleado
46,Adrienne,acrichten19@list-manage.com,Social Security Card,recepcionista
47,Elita,elampett1a@house.gov,Passport,admin_datos
48,Colleen,csesser1b@free.fr,Passport,gerente
49,Nevil,ngostall1c@walmart.com,Birth Certificate,admin_datos
50,Sosanna,sprigg1d@mashable.com,Driver's License,empleado
51,Mareah,mmollatt1e@miitbeian.gov.cn,Passport,admin_datos
52,Emylee,edenziloe1f@ustream.tv,Social Security Card,gerente
53,Car,cbrewin1g@mapquest.com,Passport,gerente
54,Markos,mgebbie1h@virginia.edu,Social Security Card,admin_datos
55,Niven,nbrabham1i@cpanel.net,ID Card,gerente
56,Cristine,cberger1j@icq.com,ID Card,gerente
57,Danya,dfuchs1k@unblog.fr,ID Card,recepcionista
58,Merry,mbegley1l@list-manage.com,Driver's License,gerente
59,Renata,rgulk1m@unc.edu,Passport,recepcionista
60,Janeen,jcousens1n@seattletimes.com,Passport,admin_datos
61,Nikolia,ncohani1o@jigsy.com,Birth Certificate,gerente
62,Rickie,rbacksal1p@parallels.com,Passport,recepcionista
63,Shelby,scackett1q@merriam-webster.com,Birth Certificate,gerente
64,Benetta,blacrouts1r@usda.gov,Social Security Card,gerente
65,Muffin,mhallihane1s@zdnet.com,ID Card,empleado
66,Sarita,smissenden1t@msu.edu,Driver's License,empleado
67,Shena,sludman1u@mac.com,Social Security Card,recepcionista
68,Udell,usweeny1v@theguardian.com,Driver's License,gerente
69,Latrina,ledison1w@washington.edu,Birth Certificate,gerente
70,Georgia,grallings1x@fda.gov,Passport,recepcionista
71,Cecil,cjurisch1y@noaa.gov,ID Card,recepcionista
72,Abbie,aguilbert1z@aol.com,Social Security Card,gerente
73,Arleta,alaurenceau20@spotify.com,Social Security Card,admin_datos
74,Moreen,mbraun21@scientificamerican.com,Passport,gerente
75,Alanna,adochon22@arizona.edu,Passport,recepcionista
76,Aarika,agunda23@springer.com,ID Card,empleado
77,Pip,poolahan24@xing.com,Birth Certificate,recepcionista
78,Erasmus,egwilt25@bigcartel.com,ID Card,empleado
79,Donavon,djagoe26@fastcompany.com,Passport,gerente
80,Shae,sdeehan27@dyndns.org,Social Security Card,gerente
81,Norry,nsalvidge28@facebook.com,Social Security Card,recepcionista
82,Omar,okidson29@wix.com,Driver's License,recepcionista
83,Malena,mbyng2a@wsj.com,Social Security Card,recepcionista
84,Derrik,dmasurel2b@ox.ac.uk,Birth Certificate,admin_datos
85,Milicent,mmacgown2c@ezinearticles.com,Social Security Card,empleado
86,Helsa,hperrie2d@columbia.edu,ID Card,admin_datos
87,Dyna,dedington2e@psu.edu,Passport,admin_datos
88,Tami,tmanderson2f@istockphoto.com,ID Card,admin_datos
89,Samaria,srillatt2g@wiley.com,Birth Certificate,recepcionista
90,Melessa,mpecha2h@diigo.com,Driver's License,gerente
91,Yule,yhucklesby2i@aol.com,ID Card,admin_datos
92,Jelene,jdwelly2j@blogger.com,Birth Certificate,gerente
93,Fianna,frockcliffe2k@twitpic.com,Passport,empleado
94,Felizio,fandriessen2l@nsw.gov.au,Birth Certificate,admin_datos
95,Demetris,dboorman2m@imgur.com,Social Security Card,empleado
96,Baily,bartin2n@weibo.com,ID Card,empleado
97,Katuscha,kfellona2o@uiuc.edu,Birth Certificate,recepcionista
98,Susie,sdinesen2p@domainmarket.com,Birth Certificate,empleado
99,Mabel,mbrisard2q@so-net.ne.jp,Social Security Card,gerente
100,Flem,fbauer2r@nih.gov,ID Card,admin_datos
